algorithm,t,cumulative_regret,average_reward,optimal_arm_rate
decay_epsilon_c1,1,0.4000000000000001,0.3333333333333333,0.0
decay_epsilon_c1,2,0.7333333333333334,0.5,0.16666666666666666
decay_epsilon_c1,3,1.3,0.5555555555555555,0.1111111111111111
decay_epsilon_c1,4,1.5333333333333334,0.5833333333333334,0.16666666666666666
decay_epsilon_c1,5,1.7000000000000002,0.5333333333333333,0.26666666666666666
decay_epsilon_c1,6,2.1,0.5,0.2222222222222222
decay_epsilon_c1,7,2.5000000000000004,0.4761904761904761,0.23809523809523805
decay_epsilon_c1,8,2.8333333333333335,0.5,0.20833333333333334
decay_epsilon_c1,9,3.1666666666666665,0.48148148148148145,0.1851851851851852
decay_epsilon_c1,10,3.3000000000000007,0.4666666666666666,0.19999999999999998
decay_epsilon_c1,11,3.633333333333334,0.45454545454545453,0.21212121212121213
decay_epsilon_c1,12,4.1000000000000005,0.47222222222222227,0.2222222222222222
decay_epsilon_c1,13,4.433333333333334,0.4871794871794872,0.23076923076923075
decay_epsilon_c1,14,4.500000000000001,0.5,0.2619047619047619
decay_epsilon_c1,15,4.833333333333334,0.48888888888888893,0.26666666666666666
decay_epsilon_c1,16,5.133333333333334,0.5,0.2708333333333333
decay_epsilon_c1,17,5.2,0.4901960784313726,0.29411764705882354
decay_epsilon_c1,18,5.2666666666666675,0.5185185185185185,0.3148148148148148
decay_epsilon_c1,19,5.333333333333335,0.543859649122807,0.3333333333333333
decay_epsilon_c1,20,5.400000000000001,0.5666666666666667,0.35000000000000003
decay_epsilon_c1,21,5.466666666666668,0.5714285714285714,0.36507936507936506
decay_epsilon_c1,22,5.633333333333334,0.5909090909090909,0.37878787878787873
decay_epsilon_c1,23,5.866666666666667,0.5942028985507246,0.3768115942028986
decay_epsilon_c1,24,5.866666666666667,0.5972222222222222,0.40277777777777773
decay_epsilon_c1,25,5.9333333333333345,0.6000000000000001,0.4133333333333334
decay_epsilon_c1,26,6.000000000000001,0.5897435897435898,0.4230769230769231
decay_epsilon_c1,27,6.300000000000002,0.5925925925925926,0.4197530864197531
decay_epsilon_c1,28,6.366666666666668,0.5952380952380952,0.42857142857142855
decay_epsilon_c1,29,6.4333333333333345,0.6091954022988505,0.43678160919540227
decay_epsilon_c1,30,6.500000000000001,0.611111111111111,0.4444444444444444
decay_epsilon_c1,31,6.600000000000001,0.6129032258064516,0.4516129032258065
decay_epsilon_c1,32,6.666666666666668,0.6145833333333334,0.4583333333333333
decay_epsilon_c1,33,6.733333333333334,0.6161616161616162,0.4646464646464647
decay_epsilon_c1,34,6.800000000000001,0.607843137254902,0.4705882352941177
decay_epsilon_c1,35,6.866666666666667,0.6095238095238095,0.4761904761904762
decay_epsilon_c1,36,6.933333333333334,0.611111111111111,0.48148148148148145
decay_epsilon_c1,37,7.0,0.6216216216216216,0.48648648648648646
decay_epsilon_c1,38,7.066666666666666,0.6228070175438596,0.4912280701754386
decay_epsilon_c1,39,7.133333333333333,0.6153846153846154,0.49572649572649574
decay_epsilon_c1,40,7.199999999999999,0.625,0.5
decay_epsilon_c1,41,7.266666666666666,0.6178861788617886,0.5040650406504065
decay_epsilon_c1,42,7.499999999999999,0.6111111111111112,0.5
decay_epsilon_c1,43,7.833333333333332,0.6046511627906977,0.4883720930232558
decay_epsilon_c1,44,7.899999999999999,0.6136363636363636,0.49242424242424243
decay_epsilon_c1,45,7.966666666666665,0.6148148148148148,0.4962962962962963
decay_epsilon_c1,46,8.033333333333331,0.6159420289855072,0.5
decay_epsilon_c1,47,8.199999999999998,0.6170212765957447,0.5035460992907802
decay_epsilon_c1,48,8.266666666666664,0.6180555555555556,0.5069444444444445
decay_epsilon_c1,49,8.33333333333333,0.6258503401360543,0.5102040816326531
decay_epsilon_c1,50,8.399999999999997,0.62,0.5133333333333333
decay_epsilon_c1,51,8.466666666666663,0.6209150326797386,0.5163398692810458
decay_epsilon_c1,52,8.466666666666663,0.6282051282051282,0.5256410256410257
decay_epsilon_c1,53,8.633333333333331,0.6226415094339622,0.5220125786163522
decay_epsilon_c1,54,8.699999999999996,0.6172839506172839,0.5246913580246914
decay_epsilon_c1,55,8.866666666666662,0.6242424242424242,0.5212121212121212
decay_epsilon_c1,56,8.93333333333333,0.625,0.5238095238095238
decay_epsilon_c1,57,9.066666666666663,0.6257309941520468,0.52046783625731
decay_epsilon_c1,58,9.13333333333333,0.6264367816091955,0.5229885057471265
decay_epsilon_c1,59,9.199999999999996,0.6271186440677966,0.5254237288135594
decay_epsilon_c1,60,9.266666666666662,0.6333333333333333,0.5277777777777778
decay_epsilon_c1,61,9.333333333333329,0.639344262295082,0.5300546448087431
decay_epsilon_c1,62,9.399999999999995,0.6451612903225806,0.532258064516129
decay_epsilon_c1,63,9.466666666666661,0.6455026455026455,0.5343915343915343
decay_epsilon_c1,64,9.533333333333328,0.6458333333333334,0.5364583333333334
decay_epsilon_c1,65,9.599999999999994,0.6461538461538462,0.5384615384615384
decay_epsilon_c1,66,9.699999999999994,0.6464646464646465,0.5404040404040403
decay_epsilon_c1,67,9.799999999999995,0.6517412935323382,0.5422885572139303
decay_epsilon_c1,68,9.899999999999995,0.6470588235294118,0.5441176470588235
decay_epsilon_c1,69,9.999999999999995,0.6473429951690822,0.5458937198067634
decay_epsilon_c1,70,10.066666666666661,0.6476190476190476,0.5476190476190476
decay_epsilon_c1,71,10.133333333333328,0.6525821596244131,0.5492957746478874
decay_epsilon_c1,72,10.199999999999994,0.6481481481481481,0.5509259259259259
decay_epsilon_c1,73,10.333333333333327,0.6438356164383562,0.547945205479452
decay_epsilon_c1,74,10.399999999999993,0.6441441441441441,0.5495495495495496
decay_epsilon_c1,75,10.46666666666666,0.648888888888889,0.5511111111111111
decay_epsilon_c1,76,10.699999999999994,0.6491228070175438,0.5482456140350878
decay_epsilon_c1,77,10.76666666666666,0.6450216450216449,0.5497835497835498
decay_epsilon_c1,78,10.899999999999993,0.6410256410256411,0.547008547008547
decay_epsilon_c1,79,10.96666666666666,0.6371308016877637,0.5485232067510548
decay_epsilon_c1,80,11.033333333333326,0.6375000000000001,0.5499999999999999
decay_epsilon_c1,81,11.099999999999993,0.6378600823045267,0.551440329218107
decay_epsilon_c1,82,11.166666666666659,0.6422764227642276,0.5528455284552846
decay_epsilon_c1,83,11.233333333333325,0.6385542168674698,0.5542168674698794
decay_epsilon_c1,84,11.366666666666658,0.6388888888888888,0.5515873015873015
decay_epsilon_c1,85,11.666666666666659,0.6352941176470589,0.5490196078431372
decay_epsilon_c1,86,11.733333333333325,0.6395348837209303,0.5503875968992248
decay_epsilon_c1,87,11.96666666666666,0.6398467432950191,0.5478927203065135
decay_epsilon_c1,88,12.033333333333324,0.6363636363636364,0.5492424242424242
decay_epsilon_c1,89,12.099999999999993,0.6404494382022472,0.550561797752809
decay_epsilon_c1,90,12.166666666666657,0.6444444444444445,0.5518518518518518
decay_epsilon_c1,91,12.233333333333325,0.6373626373626374,0.553113553113553
decay_epsilon_c1,92,12.29999999999999,0.6376811594202899,0.5543478260869565
decay_epsilon_c1,93,12.366666666666658,0.6415770609318997,0.5555555555555555
decay_epsilon_c1,94,12.433333333333323,0.6418439716312058,0.5567375886524822
decay_epsilon_c1,95,12.499999999999991,0.6421052631578947,0.5578947368421053
decay_epsilon_c1,96,12.566666666666656,0.6423611111111112,0.5590277777777778
decay_epsilon_c1,97,12.633333333333324,0.6460481099656358,0.5601374570446735
decay_epsilon_c1,98,12.699999999999989,0.6428571428571429,0.5612244897959183
decay_epsilon_c1,99,12.766666666666657,0.6430976430976431,0.5622895622895623
decay_epsilon_c1,100,12.833333333333321,0.64,0.5633333333333334
decay_epsilon_c1,101,12.89999999999999,0.6402640264026402,0.5643564356435644
decay_epsilon_c1,102,12.966666666666654,0.6437908496732027,0.5653594771241831
decay_epsilon_c1,103,13.033333333333323,0.6407766990291263,0.5663430420711973
decay_epsilon_c1,104,13.166666666666652,0.6378205128205129,0.5641025641025642
decay_epsilon_c1,105,13.23333333333332,0.6349206349206349,0.5650793650793651
decay_epsilon_c1,106,13.299999999999985,0.6352201257861635,0.5660377358490566
decay_epsilon_c1,107,13.366666666666653,0.6386292834890965,0.5669781931464174
decay_epsilon_c1,108,13.433333333333318,0.638888888888889,0.5679012345679012
decay_epsilon_c1,109,13.499999999999986,0.6391437308868502,0.5688073394495413
decay_epsilon_c1,110,13.56666666666665,0.6424242424242425,0.5696969696969697
decay_epsilon_c1,111,13.633333333333319,0.6456456456456456,0.5705705705705705
decay_epsilon_c1,112,13.699999999999983,0.6488095238095238,0.5714285714285714
decay_epsilon_c1,113,13.766666666666652,0.6519174041297936,0.5722713864306784
decay_epsilon_c1,114,13.833333333333316,0.652046783625731,0.5730994152046783
decay_epsilon_c1,115,13.899999999999984,0.6492753623188405,0.5739130434782608
decay_epsilon_c1,116,13.966666666666649,0.6494252873563218,0.5747126436781609
decay_epsilon_c1,117,14.033333333333317,0.6495726495726496,0.5754985754985755
decay_epsilon_c1,118,14.099999999999982,0.652542372881356,0.576271186440678
decay_epsilon_c1,119,14.16666666666665,0.6470588235294118,0.57703081232493
decay_epsilon_c1,120,14.233333333333315,0.65,0.5777777777777778
decay_epsilon_c1,121,14.299999999999983,0.652892561983471,0.5785123966942148
decay_epsilon_c1,122,14.366666666666648,0.6530054644808744,0.5792349726775957
decay_epsilon_c1,123,14.433333333333316,0.6504065040650406,0.5799457994579945
decay_epsilon_c1,124,14.49999999999998,0.6532258064516129,0.5806451612903226
decay_epsilon_c1,125,14.566666666666649,0.656,0.5813333333333334
decay_epsilon_c1,126,14.633333333333313,0.6560846560846562,0.582010582010582
decay_epsilon_c1,127,14.699999999999982,0.6535433070866142,0.5826771653543307
decay_epsilon_c1,128,14.766666666666646,0.65625,0.5833333333333334
decay_epsilon_c1,129,14.833333333333314,0.6589147286821705,0.5839793281653747
decay_epsilon_c1,130,14.899999999999979,0.6615384615384615,0.5846153846153846
decay_epsilon_c1,131,15.19999999999998,0.6615776081424937,0.5826972010178116
decay_epsilon_c1,132,15.266666666666646,0.6641414141414143,0.5833333333333334
decay_epsilon_c1,133,15.333333333333313,0.6591478696741855,0.5839598997493735
decay_epsilon_c1,134,15.399999999999979,0.6592039800995025,0.5845771144278608
decay_epsilon_c1,135,15.466666666666645,0.6567901234567901,0.5851851851851851
decay_epsilon_c1,136,15.533333333333312,0.6568627450980392,0.5857843137254902
decay_epsilon_c1,137,15.599999999999978,0.656934306569343,0.5863746958637469
decay_epsilon_c1,138,15.666666666666645,0.6570048309178743,0.5869565217391305
decay_epsilon_c1,139,15.733333333333311,0.6546762589928058,0.5875299760191847
decay_epsilon_c1,140,15.799999999999978,0.6571428571428571,0.5880952380952381
decay_epsilon_c1,141,16.099999999999977,0.6572104018912529,0.5862884160756502
decay_epsilon_c1,142,16.166666666666647,0.6596244131455399,0.5868544600938966
decay_epsilon_c1,143,16.23333333333331,0.6573426573426574,0.5874125874125874
decay_epsilon_c1,144,16.29999999999998,0.6597222222222222,0.5879629629629629
decay_epsilon_c1,145,16.366666666666642,0.6620689655172414,0.5885057471264368
decay_epsilon_c1,146,16.433333333333312,0.6598173515981736,0.589041095890411
decay_epsilon_c1,147,16.499999999999975,0.6621315192743764,0.5895691609977324
decay_epsilon_c1,148,16.566666666666645,0.6576576576576577,0.5900900900900901
decay_epsilon_c1,149,16.633333333333308,0.6599552572706936,0.5906040268456375
decay_epsilon_c1,150,16.699999999999978,0.6577777777777777,0.5911111111111111
decay_epsilon_c1,151,16.766666666666644,0.6556291390728477,0.5916114790286976
decay_epsilon_c1,152,16.83333333333331,0.6578947368421053,0.5921052631578947
decay_epsilon_c1,153,16.89999999999998,0.6601307189542484,0.5925925925925926
decay_epsilon_c1,154,16.966666666666647,0.6601731601731601,0.593073593073593
decay_epsilon_c1,155,17.033333333333314,0.6623655913978495,0.5935483870967743
decay_epsilon_c1,156,17.099999999999984,0.6623931623931624,0.594017094017094
decay_epsilon_c1,157,17.16666666666665,0.6624203821656051,0.5944798301486199
decay_epsilon_c1,158,17.233333333333317,0.6645569620253164,0.5949367088607594
decay_epsilon_c1,159,17.299999999999986,0.6645702306079664,0.5953878406708596
decay_epsilon_c1,160,17.366666666666653,0.6645833333333333,0.5958333333333333
decay_epsilon_c1,161,17.43333333333332,0.6645962732919254,0.5962732919254657
decay_epsilon_c1,162,17.49999999999999,0.6646090534979424,0.5967078189300411
decay_epsilon_c1,163,17.566666666666656,0.6646216768916156,0.5971370143149284
decay_epsilon_c1,164,17.633333333333322,0.6626016260162602,0.5975609756097561
decay_epsilon_c1,165,17.79999999999999,0.6626262626262626,0.597979797979798
decay_epsilon_c1,166,17.866666666666656,0.6626506024096385,0.5983935742971888
decay_epsilon_c1,167,17.933333333333326,0.6646706586826348,0.5988023952095808
decay_epsilon_c1,168,17.999999999999993,0.6626984126984127,0.5992063492063492
decay_epsilon_c1,169,18.06666666666666,0.6607495069033531,0.5996055226824458
decay_epsilon_c1,170,18.13333333333333,0.6607843137254902,0.6
decay_epsilon_c1,171,18.199999999999996,0.6608187134502924,0.6003898635477583
decay_epsilon_c1,172,18.266666666666662,0.6608527131782945,0.6007751937984497
decay_epsilon_c1,173,18.333333333333332,0.6608863198458574,0.6011560693641619
decay_epsilon_c1,174,18.4,0.6628352490421455,0.6015325670498085
decay_epsilon_c1,175,18.466666666666665,0.6609523809523811,0.6019047619047618
decay_epsilon_c1,176,18.533333333333335,0.6609848484848485,0.6022727272727273
decay_epsilon_c1,177,18.6,0.6629001883239171,0.6026365348399246
decay_epsilon_c1,178,18.666666666666668,0.6629213483146068,0.602996254681648
decay_epsilon_c1,179,18.733333333333338,0.6610800744878956,0.6033519553072626
decay_epsilon_c1,180,18.800000000000004,0.6611111111111111,0.6037037037037037
decay_epsilon_c1,181,18.86666666666667,0.6593001841620626,0.6040515653775322
decay_epsilon_c1,182,19.03333333333334,0.6575091575091575,0.6043956043956044
decay_epsilon_c1,183,19.100000000000005,0.6593806921675774,0.604735883424408
decay_epsilon_c1,184,19.166666666666675,0.6594202898550724,0.605072463768116
decay_epsilon_c1,185,19.23333333333334,0.6612612612612613,0.6054054054054054
decay_epsilon_c1,186,19.466666666666676,0.6612903225806451,0.6039426523297491
decay_epsilon_c1,187,19.533333333333342,0.6595365418894831,0.6042780748663102
decay_epsilon_c1,188,19.600000000000012,0.6595744680851063,0.6046099290780141
decay_epsilon_c1,189,19.66666666666668,0.6596119929453262,0.6049382716049382
decay_epsilon_c1,190,19.733333333333345,0.6596491228070175,0.6052631578947368
decay_epsilon_c1,191,19.800000000000015,0.6579406631762653,0.6055846422338569
decay_epsilon_c1,192,19.86666666666668,0.6579861111111112,0.6059027777777778
decay_epsilon_c1,193,19.933333333333348,0.6597582037996546,0.6062176165803108
decay_epsilon_c1,194,20.000000000000018,0.6597938144329897,0.6065292096219932
decay_epsilon_c1,195,20.066666666666684,0.6598290598290598,0.6068376068376069
decay_epsilon_c1,196,20.13333333333335,0.6615646258503401,0.6071428571428571
decay_epsilon_c1,197,20.20000000000002,0.6632825719120136,0.6074450084602369
decay_epsilon_c1,198,20.266666666666687,0.6649831649831649,0.6077441077441078
decay_epsilon_c1,199,20.333333333333353,0.6649916247906198,0.6080402010050251
decay_epsilon_c1,200,20.400000000000023,0.6666666666666666,0.6083333333333334
epsilon_greedy_0.1,1,0.7000000000000001,0.0,0.0
epsilon_greedy_0.1,2,1.4000000000000001,0.0,0.0
epsilon_greedy_0.1,3,2.1,0.1111111111111111,0.0
epsilon_greedy_0.1,4,2.733333333333334,0.25,0.0
epsilon_greedy_0.1,5,3.366666666666667,0.20000000000000004,0.0
epsilon_greedy_0.1,6,4.0,0.16666666666666666,0.0
epsilon_greedy_0.1,7,4.533333333333334,0.19047619047619047,0.0
epsilon_greedy_0.1,8,5.066666666666667,0.20833333333333334,0.0
epsilon_greedy_0.1,9,5.6000000000000005,0.2222222222222222,0.0
epsilon_greedy_0.1,10,5.900000000000001,0.23333333333333336,0.03333333333333333
epsilon_greedy_0.1,11,6.2,0.2727272727272727,0.06060606060606061
epsilon_greedy_0.1,12,6.5,0.3333333333333333,0.08333333333333333
epsilon_greedy_0.1,13,6.633333333333334,0.358974358974359,0.10256410256410257
epsilon_greedy_0.1,14,6.933333333333334,0.38095238095238093,0.11904761904761905
epsilon_greedy_0.1,15,7.233333333333333,0.39999999999999997,0.13333333333333333
epsilon_greedy_0.1,16,7.533333333333334,0.3958333333333333,0.14583333333333334
epsilon_greedy_0.1,17,7.833333333333333,0.39215686274509803,0.1568627450980392
epsilon_greedy_0.1,18,8.133333333333333,0.38888888888888884,0.16666666666666666
epsilon_greedy_0.1,19,8.266666666666666,0.42105263157894735,0.17543859649122806
epsilon_greedy_0.1,20,8.399999999999999,0.45,0.18333333333333335
epsilon_greedy_0.1,21,8.533333333333333,0.4761904761904761,0.19047619047619047
epsilon_greedy_0.1,22,8.666666666666666,0.5,0.196969696969697
epsilon_greedy_0.1,23,8.799999999999999,0.49275362318840576,0.2028985507246377
epsilon_greedy_0.1,24,8.933333333333332,0.47222222222222215,0.20833333333333334
epsilon_greedy_0.1,25,9.066666666666665,0.46666666666666673,0.21333333333333335
epsilon_greedy_0.1,26,9.199999999999998,0.4743589743589743,0.21794871794871795
epsilon_greedy_0.1,27,9.33333333333333,0.4814814814814814,0.2222222222222222
epsilon_greedy_0.1,28,9.466666666666663,0.4761904761904761,0.2261904761904762
epsilon_greedy_0.1,29,9.599999999999996,0.4827586206896552,0.2298850574712644
epsilon_greedy_0.1,30,9.733333333333329,0.4777777777777778,0.2333333333333333
epsilon_greedy_0.1,31,9.866666666666662,0.4838709677419355,0.23655913978494625
epsilon_greedy_0.1,32,9.999999999999995,0.4895833333333333,0.23958333333333334
epsilon_greedy_0.1,33,10.133333333333328,0.494949494949495,0.24242424242424243
epsilon_greedy_0.1,34,10.26666666666666,0.4901960784313726,0.2450980392156863
epsilon_greedy_0.1,35,10.399999999999993,0.49523809523809526,0.24761904761904763
epsilon_greedy_0.1,36,10.599999999999994,0.5,0.24074074074074073
epsilon_greedy_0.1,37,10.733333333333327,0.5135135135135135,0.24324324324324323
epsilon_greedy_0.1,38,10.86666666666666,0.5175438596491229,0.24561403508771928
epsilon_greedy_0.1,39,11.099999999999994,0.5128205128205128,0.23931623931623933
epsilon_greedy_0.1,40,11.333333333333327,0.525,0.2333333333333333
epsilon_greedy_0.1,41,11.566666666666658,0.5203252032520326,0.22764227642276424
epsilon_greedy_0.1,42,11.69999999999999,0.5158730158730159,0.23015873015873015
epsilon_greedy_0.1,43,11.833333333333323,0.5193798449612403,0.23255813953488372
epsilon_greedy_0.1,44,11.966666666666656,0.5303030303030303,0.23484848484848486
epsilon_greedy_0.1,45,12.099999999999989,0.5259259259259259,0.23703703703703705
epsilon_greedy_0.1,46,12.233333333333322,0.5289855072463768,0.23913043478260868
epsilon_greedy_0.1,47,12.466666666666656,0.5390070921985816,0.24113475177304966
epsilon_greedy_0.1,48,12.699999999999989,0.5416666666666666,0.24305555555555555
epsilon_greedy_0.1,49,12.866666666666655,0.5510204081632654,0.2448979591836735
epsilon_greedy_0.1,50,13.033333333333323,0.5466666666666667,0.24666666666666667
epsilon_greedy_0.1,51,13.133333333333324,0.5490196078431372,0.25490196078431376
epsilon_greedy_0.1,52,13.233333333333322,0.5576923076923077,0.26282051282051283
epsilon_greedy_0.1,53,13.333333333333323,0.5534591194968553,0.27044025157232704
epsilon_greedy_0.1,54,13.499999999999991,0.5493827160493827,0.2716049382716049
epsilon_greedy_0.1,55,13.566666666666658,0.5575757575757575,0.2787878787878788
epsilon_greedy_0.1,56,13.633333333333324,0.5595238095238096,0.2857142857142857
epsilon_greedy_0.1,57,13.79999999999999,0.5614035087719298,0.28654970760233917
epsilon_greedy_0.1,58,13.966666666666656,0.5517241379310346,0.28735632183908044
epsilon_greedy_0.1,59,14.133333333333324,0.5536723163841808,0.28813559322033894
epsilon_greedy_0.1,60,14.199999999999989,0.5611111111111111,0.29444444444444445
epsilon_greedy_0.1,61,14.266666666666657,0.5683060109289618,0.3005464480874317
epsilon_greedy_0.1,62,14.333333333333323,0.575268817204301,0.3064516129032258
epsilon_greedy_0.1,63,14.39999999999999,0.5767195767195767,0.31216931216931215
epsilon_greedy_0.1,64,14.466666666666654,0.5833333333333334,0.3177083333333333
epsilon_greedy_0.1,65,14.63333333333332,0.5846153846153846,0.3230769230769231
epsilon_greedy_0.1,66,14.699999999999989,0.5858585858585857,0.3282828282828283
epsilon_greedy_0.1,67,14.766666666666657,0.5920398009950248,0.3333333333333333
epsilon_greedy_0.1,68,14.833333333333321,0.5931372549019608,0.338235294117647
epsilon_greedy_0.1,69,14.899999999999986,0.5942028985507246,0.34299516908212563
epsilon_greedy_0.1,70,14.966666666666654,0.5904761904761905,0.34761904761904766
epsilon_greedy_0.1,71,15.033333333333323,0.5962441314553991,0.352112676056338
epsilon_greedy_0.1,72,15.099999999999987,0.5925925925925926,0.35648148148148145
epsilon_greedy_0.1,73,15.23333333333332,0.589041095890411,0.35616438356164376
epsilon_greedy_0.1,74,15.299999999999988,0.5900900900900901,0.3603603603603604
epsilon_greedy_0.1,75,15.366666666666653,0.5911111111111111,0.3644444444444444
epsilon_greedy_0.1,76,15.433333333333318,0.5964912280701754,0.3684210526315789
epsilon_greedy_0.1,77,15.499999999999986,0.5974025974025974,0.37229437229437234
epsilon_greedy_0.1,78,15.599999999999985,0.594017094017094,0.37606837606837606
epsilon_greedy_0.1,79,15.666666666666652,0.5864978902953587,0.37974683544303794
epsilon_greedy_0.1,80,15.766666666666652,0.5833333333333334,0.3833333333333333
epsilon_greedy_0.1,81,15.83333333333332,0.588477366255144,0.38683127572016457
epsilon_greedy_0.1,82,16.066666666666652,0.5894308943089431,0.39024390243902435
epsilon_greedy_0.1,83,16.299999999999986,0.5863453815261045,0.3895582329317269
epsilon_greedy_0.1,84,16.36666666666665,0.5873015873015873,0.39285714285714285
epsilon_greedy_0.1,85,16.43333333333332,0.5882352941176471,0.396078431372549
epsilon_greedy_0.1,86,16.533333333333317,0.5930232558139535,0.3992248062015504
epsilon_greedy_0.1,87,16.599999999999984,0.5938697318007663,0.40229885057471265
epsilon_greedy_0.1,88,16.666666666666654,0.5909090909090909,0.4053030303030303
epsilon_greedy_0.1,89,16.899999999999984,0.5917602996254682,0.4082397003745319
epsilon_greedy_0.1,90,16.899999999999984,0.5962962962962962,0.4148148148148148
epsilon_greedy_0.1,91,16.899999999999984,0.5934065934065934,0.42124542124542125
epsilon_greedy_0.1,92,16.899999999999984,0.5942028985507246,0.42753623188405804
epsilon_greedy_0.1,93,16.899999999999984,0.5985663082437276,0.4336917562724015
epsilon_greedy_0.1,94,16.899999999999984,0.599290780141844,0.43971631205673756
epsilon_greedy_0.1,95,16.899999999999984,0.6,0.4456140350877193
epsilon_greedy_0.1,96,16.899999999999984,0.6006944444444445,0.4513888888888889
epsilon_greedy_0.1,97,16.899999999999984,0.6048109965635738,0.4570446735395189
epsilon_greedy_0.1,98,16.899999999999984,0.6054421768707483,0.4625850340136055
epsilon_greedy_0.1,99,16.899999999999984,0.6060606060606061,0.468013468013468
epsilon_greedy_0.1,100,16.899999999999984,0.6066666666666666,0.47333333333333333
epsilon_greedy_0.1,101,17.133333333333315,0.6072607260726072,0.4752475247524752
epsilon_greedy_0.1,102,17.133333333333315,0.6111111111111112,0.4803921568627451
epsilon_greedy_0.1,103,17.133333333333315,0.6084142394822006,0.4854368932038835
epsilon_greedy_0.1,104,17.133333333333315,0.608974358974359,0.4903846153846154
epsilon_greedy_0.1,105,17.233333333333317,0.6063492063492064,0.4920634920634921
epsilon_greedy_0.1,106,17.333333333333318,0.6037735849056604,0.4937106918238994
epsilon_greedy_0.1,107,17.333333333333318,0.6074766355140186,0.4984423676012461
epsilon_greedy_0.1,108,17.399999999999984,0.6080246913580246,0.5
epsilon_greedy_0.1,109,17.399999999999984,0.6085626911314984,0.5045871559633027
epsilon_greedy_0.1,110,17.399999999999984,0.6121212121212122,0.5090909090909091
epsilon_greedy_0.1,111,17.633333333333315,0.6156156156156156,0.5105105105105106
epsilon_greedy_0.1,112,17.733333333333317,0.6190476190476191,0.511904761904762
epsilon_greedy_0.1,113,17.733333333333317,0.6224188790560472,0.5162241887905604
epsilon_greedy_0.1,114,17.96666666666665,0.6228070175438596,0.5175438596491228
epsilon_greedy_0.1,115,17.96666666666665,0.6231884057971014,0.5217391304347826
epsilon_greedy_0.1,116,17.96666666666665,0.6235632183908045,0.5258620689655172
epsilon_greedy_0.1,117,17.96666666666665,0.6239316239316239,0.5299145299145299
epsilon_greedy_0.1,118,17.96666666666665,0.6271186440677966,0.5338983050847458
epsilon_greedy_0.1,119,17.96666666666665,0.6246498599439776,0.5378151260504201
epsilon_greedy_0.1,120,17.96666666666665,0.6277777777777778,0.5416666666666666
epsilon_greedy_0.1,121,17.96666666666665,0.6308539944903582,0.5454545454545455
epsilon_greedy_0.1,122,17.96666666666665,0.6311475409836066,0.5491803278688524
epsilon_greedy_0.1,123,17.96666666666665,0.6314363143631437,0.5528455284552846
epsilon_greedy_0.1,124,17.96666666666665,0.6344086021505376,0.5564516129032259
epsilon_greedy_0.1,125,17.96666666666665,0.6373333333333333,0.56
epsilon_greedy_0.1,126,18.133333333333315,0.6375661375661376,0.5608465608465608
epsilon_greedy_0.1,127,18.133333333333315,0.6351706036745407,0.5643044619422573
epsilon_greedy_0.1,128,18.133333333333315,0.6380208333333334,0.5677083333333334
epsilon_greedy_0.1,129,18.133333333333315,0.6408268733850129,0.5710594315245477
epsilon_greedy_0.1,130,18.133333333333315,0.6435897435897435,0.5743589743589744
epsilon_greedy_0.1,131,18.133333333333315,0.6437659033078881,0.5776081424936387
epsilon_greedy_0.1,132,18.133333333333315,0.6464646464646465,0.5808080808080808
epsilon_greedy_0.1,133,18.133333333333315,0.6416040100250626,0.5839598997493735
epsilon_greedy_0.1,134,18.36666666666665,0.6442786069651741,0.5845771144278608
epsilon_greedy_0.1,135,18.36666666666665,0.6444444444444444,0.5876543209876544
epsilon_greedy_0.1,136,18.533333333333317,0.6446078431372548,0.5882352941176471
epsilon_greedy_0.1,137,18.533333333333317,0.6447688564476887,0.5912408759124087
epsilon_greedy_0.1,138,18.533333333333317,0.6449275362318841,0.5942028985507246
epsilon_greedy_0.1,139,18.533333333333317,0.645083932853717,0.5971223021582733
epsilon_greedy_0.1,140,18.633333333333315,0.6476190476190476,0.5976190476190476
epsilon_greedy_0.1,141,18.733333333333317,0.6477541371158392,0.5981087470449172
epsilon_greedy_0.1,142,18.733333333333317,0.6502347417840375,0.6009389671361502
epsilon_greedy_0.1,143,18.733333333333317,0.6480186480186481,0.6037296037296037
epsilon_greedy_0.1,144,18.733333333333317,0.6504629629629629,0.6064814814814815
epsilon_greedy_0.1,145,18.899999999999984,0.6505747126436782,0.6068965517241379
epsilon_greedy_0.1,146,18.899999999999984,0.6506849315068494,0.6095890410958904
epsilon_greedy_0.1,147,18.899999999999984,0.6530612244897959,0.6122448979591837
epsilon_greedy_0.1,148,18.899999999999984,0.6509009009009009,0.6148648648648648
epsilon_greedy_0.1,149,18.899999999999984,0.6532438478747203,0.6174496644295302
epsilon_greedy_0.1,150,18.899999999999984,0.6511111111111111,0.62
epsilon_greedy_0.1,151,18.96666666666665,0.6490066225165564,0.6203090507726269
epsilon_greedy_0.1,152,18.96666666666665,0.6513157894736842,0.6228070175438597
epsilon_greedy_0.1,153,18.96666666666665,0.6535947712418301,0.6252723311546841
epsilon_greedy_0.1,154,18.96666666666665,0.6536796536796537,0.6277056277056278
epsilon_greedy_0.1,155,18.96666666666665,0.6559139784946236,0.6301075268817204
epsilon_greedy_0.1,156,18.96666666666665,0.6581196581196581,0.6324786324786325
epsilon_greedy_0.1,157,18.96666666666665,0.6581740976645435,0.6348195329087049
epsilon_greedy_0.1,158,18.96666666666665,0.660337552742616,0.6371308016877637
epsilon_greedy_0.1,159,18.96666666666665,0.660377358490566,0.639412997903564
epsilon_greedy_0.1,160,18.96666666666665,0.6604166666666667,0.6416666666666667
epsilon_greedy_0.1,161,18.96666666666665,0.660455486542443,0.6438923395445135
epsilon_greedy_0.1,162,18.96666666666665,0.6604938271604938,0.6460905349794238
epsilon_greedy_0.1,163,18.96666666666665,0.6625766871165645,0.6482617586912066
epsilon_greedy_0.1,164,18.96666666666665,0.6626016260162602,0.6504065040650406
epsilon_greedy_0.1,165,18.96666666666665,0.6646464646464647,0.6525252525252525
epsilon_greedy_0.1,166,18.96666666666665,0.6646586345381525,0.6546184738955824
epsilon_greedy_0.1,167,18.96666666666665,0.6666666666666666,0.6566866267465069
epsilon_greedy_0.1,168,18.96666666666665,0.6646825396825397,0.6587301587301587
epsilon_greedy_0.1,169,18.96666666666665,0.6627218934911242,0.6607495069033531
epsilon_greedy_0.1,170,18.96666666666665,0.6627450980392157,0.6627450980392157
epsilon_greedy_0.1,171,18.96666666666665,0.6647173489278752,0.6647173489278752
epsilon_greedy_0.1,172,19.199999999999985,0.6627906976744186,0.6647286821705426
epsilon_greedy_0.1,173,19.199999999999985,0.6647398843930635,0.6666666666666666
epsilon_greedy_0.1,174,19.199999999999985,0.6666666666666666,0.6685823754789272
epsilon_greedy_0.1,175,19.199999999999985,0.6647619047619048,0.6704761904761906
epsilon_greedy_0.1,176,19.199999999999985,0.6647727272727272,0.6723484848484849
epsilon_greedy_0.1,177,19.199999999999985,0.6666666666666666,0.6741996233521658
epsilon_greedy_0.1,178,19.199999999999985,0.6666666666666666,0.6760299625468166
epsilon_greedy_0.1,179,19.299999999999983,0.664804469273743,0.6759776536312848
epsilon_greedy_0.1,180,19.299999999999983,0.6648148148148149,0.6777777777777777
epsilon_greedy_0.1,181,19.299999999999983,0.6648250460405157,0.6795580110497238
epsilon_greedy_0.1,182,19.299999999999983,0.6648351648351648,0.6813186813186812
epsilon_greedy_0.1,183,19.299999999999983,0.6666666666666666,0.6830601092896175
epsilon_greedy_0.1,184,19.299999999999983,0.6666666666666666,0.6847826086956522
epsilon_greedy_0.1,185,19.633333333333315,0.6666666666666666,0.6828828828828829
epsilon_greedy_0.1,186,19.699999999999985,0.6666666666666666,0.6827956989247311
epsilon_greedy_0.1,187,19.699999999999985,0.6648841354723708,0.6844919786096257
epsilon_greedy_0.1,188,19.699999999999985,0.6648936170212766,0.6861702127659575
epsilon_greedy_0.1,189,19.93333333333332,0.6649029982363316,0.6860670194003528
epsilon_greedy_0.1,190,19.93333333333332,0.6666666666666666,0.6877192982456141
epsilon_greedy_0.1,191,19.93333333333332,0.6649214659685864,0.6893542757417103
epsilon_greedy_0.1,192,19.93333333333332,0.6666666666666666,0.6909722222222223
epsilon_greedy_0.1,193,19.93333333333332,0.6683937823834197,0.692573402417962
epsilon_greedy_0.1,194,19.93333333333332,0.6701030927835051,0.6941580756013747
epsilon_greedy_0.1,195,19.93333333333332,0.67008547008547,0.6957264957264958
epsilon_greedy_0.1,196,19.93333333333332,0.6717687074829932,0.6972789115646258
epsilon_greedy_0.1,197,19.93333333333332,0.673434856175973,0.6988155668358714
epsilon_greedy_0.1,198,20.033333333333317,0.6734006734006734,0.6986531986531986
epsilon_greedy_0.1,199,20.033333333333317,0.6733668341708543,0.7001675041876047
epsilon_greedy_0.1,200,20.033333333333317,0.6749999999999999,0.7016666666666667
exp3_gamma_0.1,1,0.3333333333333333,0.3333333333333333,0.0
exp3_gamma_0.1,2,0.6666666666666666,0.5,0.16666666666666666
exp3_gamma_0.1,3,1.1333333333333335,0.4444444444444444,0.2222222222222222
exp3_gamma_0.1,4,1.6000000000000003,0.5,0.25
exp3_gamma_0.1,5,1.8666666666666665,0.39999999999999997,0.26666666666666666
exp3_gamma_0.1,6,2.0333333333333337,0.38888888888888884,0.27777777777777773
exp3_gamma_0.1,7,2.3666666666666667,0.3333333333333333,0.2857142857142857
exp3_gamma_0.1,8,2.766666666666667,0.375,0.25
exp3_gamma_0.1,9,3.133333333333334,0.3703703703703704,0.2222222222222222
exp3_gamma_0.1,10,3.4333333333333336,0.3666666666666667,0.2333333333333333
exp3_gamma_0.1,11,3.6,0.3333333333333333,0.24242424242424243
exp3_gamma_0.1,12,4.166666666666667,0.3333333333333333,0.2222222222222222
exp3_gamma_0.1,13,4.500000000000001,0.3076923076923077,0.23076923076923075
exp3_gamma_0.1,14,4.866666666666667,0.30952380952380953,0.21428571428571427
exp3_gamma_0.1,15,5.2666666666666675,0.2888888888888889,0.19999999999999998
exp3_gamma_0.1,16,5.7,0.2916666666666667,0.1875
exp3_gamma_0.1,17,5.9333333333333345,0.2745098039215686,0.21568627450980393
exp3_gamma_0.1,18,6.2,0.2777777777777778,0.2037037037037037
exp3_gamma_0.1,19,6.7,0.2982456140350877,0.1929824561403509
exp3_gamma_0.1,20,7.266666666666668,0.3,0.18333333333333335
exp3_gamma_0.1,21,7.733333333333334,0.30158730158730157,0.17460317460317457
exp3_gamma_0.1,22,8.233333333333334,0.30303030303030304,0.16666666666666666
exp3_gamma_0.1,23,8.4,0.30434782608695654,0.17391304347826086
exp3_gamma_0.1,24,8.566666666666668,0.2916666666666667,0.18055555555555555
exp3_gamma_0.1,25,8.833333333333336,0.28,0.18666666666666668
exp3_gamma_0.1,26,9.066666666666668,0.2692307692307692,0.19230769230769232
exp3_gamma_0.1,27,9.266666666666667,0.2716049382716049,0.19753086419753085
exp3_gamma_0.1,28,9.500000000000002,0.2738095238095238,0.20238095238095236
exp3_gamma_0.1,29,10.033333333333333,0.26436781609195403,0.19540229885057472
exp3_gamma_0.1,30,10.333333333333334,0.25555555555555554,0.19999999999999998
exp3_gamma_0.1,31,10.733333333333334,0.24731182795698925,0.19354838709677416
exp3_gamma_0.1,32,11.133333333333333,0.23958333333333334,0.19791666666666666
exp3_gamma_0.1,33,11.533333333333333,0.23232323232323235,0.19191919191919193
exp3_gamma_0.1,34,11.666666666666666,0.22549019607843138,0.19607843137254902
exp3_gamma_0.1,35,11.933333333333332,0.21904761904761905,0.19047619047619047
exp3_gamma_0.1,36,12.266666666666666,0.21296296296296294,0.19444444444444442
exp3_gamma_0.1,37,12.700000000000001,0.22522522522522523,0.18918918918918917
exp3_gamma_0.1,38,12.9,0.2192982456140351,0.1929824561403509
exp3_gamma_0.1,39,13.0,0.22222222222222224,0.20512820512820515
exp3_gamma_0.1,40,13.566666666666668,0.225,0.19999999999999998
exp3_gamma_0.1,41,13.766666666666667,0.21951219512195122,0.2032520325203252
exp3_gamma_0.1,42,14.033333333333333,0.21428571428571427,0.20634920634920637
exp3_gamma_0.1,43,14.233333333333334,0.20930232558139536,0.20930232558139536
exp3_gamma_0.1,44,14.66666666666667,0.2196969696969697,0.20454545454545456
exp3_gamma_0.1,45,14.966666666666669,0.21481481481481482,0.19999999999999998
exp3_gamma_0.1,46,15.233333333333334,0.2101449275362319,0.2028985507246377
exp3_gamma_0.1,47,15.66666666666667,0.20567375886524822,0.19858156028368792
exp3_gamma_0.1,48,16.0,0.20833333333333334,0.19444444444444442
exp3_gamma_0.1,49,16.7,0.21088435374149658,0.19047619047619047
exp3_gamma_0.1,50,17.0,0.21333333333333335,0.19333333333333333
exp3_gamma_0.1,51,17.233333333333334,0.20915032679738566,0.1895424836601307
exp3_gamma_0.1,52,17.7,0.20512820512820515,0.1858974358974359
exp3_gamma_0.1,53,17.933333333333334,0.2012578616352201,0.19496855345911948
exp3_gamma_0.1,54,18.23333333333333,0.2037037037037037,0.19753086419753085
exp3_gamma_0.1,55,18.799999999999997,0.19999999999999998,0.19393939393939394
exp3_gamma_0.1,56,19.266666666666666,0.2023809523809524,0.19642857142857142
exp3_gamma_0.1,57,19.53333333333333,0.19883040935672514,0.19883040935672514
exp3_gamma_0.1,58,19.666666666666664,0.19540229885057472,0.20114942528735633
exp3_gamma_0.1,59,20.066666666666663,0.192090395480226,0.2033898305084746
exp3_gamma_0.1,60,20.63333333333333,0.19999999999999998,0.19999999999999998
exp3_gamma_0.1,61,21.2,0.20218579234972678,0.19672131147540983
exp3_gamma_0.1,62,21.899999999999995,0.20430107526881722,0.19354838709677422
exp3_gamma_0.1,63,22.33333333333333,0.20634920634920637,0.19047619047619047
exp3_gamma_0.1,64,22.73333333333333,0.203125,0.1875
exp3_gamma_0.1,65,23.266666666666662,0.20512820512820515,0.18461538461538463
exp3_gamma_0.1,66,23.599999999999994,0.20707070707070707,0.1818181818181818
exp3_gamma_0.1,67,24.299999999999994,0.20895522388059698,0.1791044776119403
exp3_gamma_0.1,68,24.566666666666663,0.2058823529411765,0.18137254901960786
exp3_gamma_0.1,69,24.899999999999995,0.20772946859903382,0.178743961352657
exp3_gamma_0.1,70,25.23333333333333,0.20476190476190478,0.18095238095238098
exp3_gamma_0.1,71,25.66666666666666,0.20187793427230047,0.1784037558685446
exp3_gamma_0.1,72,25.766666666666662,0.2037037037037037,0.1851851851851852
exp3_gamma_0.1,73,25.999999999999996,0.2009132420091324,0.18721461187214614
exp3_gamma_0.1,74,26.266666666666662,0.1981981981981982,0.18918918918918917
exp3_gamma_0.1,75,26.63333333333333,0.19555555555555557,0.18666666666666668
exp3_gamma_0.1,76,27.13333333333333,0.19736842105263155,0.18421052631578946
exp3_gamma_0.1,77,27.33333333333333,0.1948051948051948,0.18614718614718617
exp3_gamma_0.1,78,27.566666666666663,0.1923076923076923,0.1923076923076923
exp3_gamma_0.1,79,27.7,0.189873417721519,0.1940928270042194
exp3_gamma_0.1,80,27.966666666666665,0.1875,0.19583333333333333
exp3_gamma_0.1,81,28.366666666666664,0.18930041152263374,0.19341563786008228
exp3_gamma_0.1,82,28.866666666666664,0.19512195121951223,0.1910569105691057
exp3_gamma_0.1,83,29.03333333333333,0.19277108433734944,0.19277108433734938
exp3_gamma_0.1,84,29.399999999999995,0.19047619047619047,0.19047619047619047
exp3_gamma_0.1,85,29.86666666666666,0.19215686274509805,0.18823529411764706
exp3_gamma_0.1,86,30.33333333333333,0.19767441860465115,0.18604651162790697
exp3_gamma_0.1,87,30.699999999999992,0.1992337164750958,0.1839080459770115
exp3_gamma_0.1,88,30.99999999999999,0.19696969696969693,0.18560606060606058
exp3_gamma_0.1,89,31.633333333333326,0.1947565543071161,0.18352059925093633
exp3_gamma_0.1,90,32.099999999999994,0.19629629629629627,0.18148148148148147
exp3_gamma_0.1,91,32.199999999999996,0.19413919413919412,0.18681318681318682
exp3_gamma_0.1,92,32.599999999999994,0.19202898550724637,0.18840579710144925
exp3_gamma_0.1,93,33.166666666666664,0.19354838709677416,0.18637992831541217
exp3_gamma_0.1,94,33.63333333333333,0.19858156028368792,0.1879432624113475
exp3_gamma_0.1,95,33.96666666666667,0.19999999999999998,0.18947368421052632
exp3_gamma_0.1,96,34.300000000000004,0.19791666666666666,0.1909722222222222
exp3_gamma_0.1,97,34.93333333333334,0.19587628865979378,0.18900343642611683
exp3_gamma_0.1,98,35.26666666666667,0.19727891156462585,0.19047619047619047
exp3_gamma_0.1,99,35.666666666666664,0.19528619528619529,0.19191919191919193
exp3_gamma_0.1,100,36.06666666666667,0.19333333333333336,0.19000000000000003
exp3_gamma_0.1,101,36.5,0.19141914191419143,0.18811881188118815
exp3_gamma_0.1,102,37.13333333333333,0.1895424836601307,0.18627450980392157
exp3_gamma_0.1,103,37.366666666666674,0.18770226537216828,0.18446601941747573
exp3_gamma_0.1,104,37.70000000000001,0.1858974358974359,0.1858974358974359
exp3_gamma_0.1,105,38.00000000000001,0.18412698412698414,0.1873015873015873
exp3_gamma_0.1,106,38.26666666666667,0.18238993710691823,0.18867924528301885
exp3_gamma_0.1,107,38.76666666666667,0.1838006230529595,0.18691588785046728
exp3_gamma_0.1,108,39.23333333333334,0.18209876543209877,0.18827160493827158
exp3_gamma_0.1,109,39.56666666666667,0.1834862385321101,0.18960244648318045
exp3_gamma_0.1,110,39.933333333333344,0.1818181818181818,0.18787878787878787
exp3_gamma_0.1,111,40.433333333333344,0.18618618618618618,0.18618618618618618
exp3_gamma_0.1,112,41.13333333333335,0.19047619047619047,0.18452380952380953
exp3_gamma_0.1,113,41.600000000000016,0.1887905604719764,0.18289085545722714
exp3_gamma_0.1,114,42.00000000000002,0.19005847953216373,0.1812865497076023
exp3_gamma_0.1,115,42.166666666666686,0.1884057971014493,0.18260869565217389
exp3_gamma_0.1,116,42.566666666666684,0.1867816091954023,0.1839080459770115
exp3_gamma_0.1,117,42.80000000000002,0.1851851851851852,0.1851851851851852
exp3_gamma_0.1,118,43.43333333333336,0.18926553672316385,0.18361581920903955
exp3_gamma_0.1,119,43.60000000000002,0.1876750700280112,0.18487394957983194
exp3_gamma_0.1,120,44.10000000000002,0.18888888888888888,0.18333333333333335
exp3_gamma_0.1,121,44.666666666666686,0.19008264462809918,0.1818181818181818
exp3_gamma_0.1,122,45.133333333333354,0.1885245901639344,0.180327868852459
exp3_gamma_0.1,123,45.33333333333335,0.1869918699186992,0.18157181571815717
exp3_gamma_0.1,124,45.76666666666669,0.1854838709677419,0.1801075268817204
exp3_gamma_0.1,125,46.33333333333335,0.18400000000000002,0.17866666666666667
exp3_gamma_0.1,126,46.80000000000002,0.18253968253968253,0.17724867724867724
exp3_gamma_0.1,127,47.10000000000002,0.18110236220472442,0.17847769028871394
exp3_gamma_0.1,128,47.733333333333356,0.1796875,0.17708333333333334
exp3_gamma_0.1,129,48.200000000000024,0.1808785529715762,0.1757105943152455
exp3_gamma_0.1,130,48.7666666666667,0.17948717948717952,0.17435897435897438
exp3_gamma_0.1,131,49.03333333333336,0.178117048346056,0.17557251908396945
exp3_gamma_0.1,132,49.40000000000003,0.17676767676767677,0.17424242424242423
exp3_gamma_0.1,133,49.4666666666667,0.17543859649122806,0.17794486215538843
exp3_gamma_0.1,134,49.866666666666696,0.17661691542288557,0.17661691542288557
exp3_gamma_0.1,135,50.16666666666669,0.17530864197530863,0.17777777777777778
exp3_gamma_0.1,136,50.60000000000003,0.17401960784313728,0.17647058823529413
exp3_gamma_0.1,137,50.866666666666696,0.17274939172749393,0.17518248175182483
exp3_gamma_0.1,138,51.200000000000024,0.17149758454106281,0.17632850241545894
exp3_gamma_0.1,139,51.4666666666667,0.1702637889688249,0.1774580335731415
exp3_gamma_0.1,140,52.10000000000003,0.16904761904761903,0.1761904761904762
exp3_gamma_0.1,141,52.73333333333337,0.1702127659574468,0.17494089834515367
exp3_gamma_0.1,142,53.23333333333337,0.17136150234741784,0.1737089201877934
exp3_gamma_0.1,143,53.53333333333337,0.17016317016317017,0.17482517482517482
exp3_gamma_0.1,144,54.10000000000003,0.16898148148148148,0.17361111111111108
exp3_gamma_0.1,145,54.66666666666671,0.167816091954023,0.1724137931034483
exp3_gamma_0.1,146,54.966666666666704,0.16666666666666666,0.1735159817351598
exp3_gamma_0.1,147,55.53333333333337,0.17006802721088435,0.17233560090702948
exp3_gamma_0.1,148,55.73333333333338,0.16891891891891894,0.17117117117117117
exp3_gamma_0.1,149,56.30000000000004,0.16778523489932887,0.17002237136465326
exp3_gamma_0.1,150,56.600000000000044,0.16666666666666666,0.1711111111111111
exp3_gamma_0.1,151,56.83333333333338,0.16777041942604856,0.17439293598233996
exp3_gamma_0.1,152,57.46666666666672,0.16666666666666666,0.17324561403508773
exp3_gamma_0.1,153,57.96666666666672,0.1699346405228758,0.1721132897603486
exp3_gamma_0.1,154,58.36666666666671,0.16883116883116886,0.170995670995671
exp3_gamma_0.1,155,58.93333333333339,0.16774193548387098,0.16989247311827957
exp3_gamma_0.1,156,59.36666666666671,0.1688034188034188,0.1688034188034188
exp3_gamma_0.1,157,59.766666666666715,0.16772823779193205,0.16985138004246284
exp3_gamma_0.1,158,60.33333333333338,0.16666666666666666,0.1687763713080169
exp3_gamma_0.1,159,60.666666666666714,0.16561844863731656,0.16981132075471697
exp3_gamma_0.1,160,61.06666666666672,0.16666666666666666,0.16874999999999998
exp3_gamma_0.1,161,61.46666666666672,0.1656314699792961,0.16977225672877846
exp3_gamma_0.1,162,61.866666666666724,0.1646090534979424,0.1707818930041152
exp3_gamma_0.1,163,62.366666666666724,0.16359918200409,0.16973415132924333
exp3_gamma_0.1,164,62.70000000000005,0.16260162601626016,0.17073170731707318
exp3_gamma_0.1,165,63.10000000000005,0.16161616161616163,0.16969696969696968
exp3_gamma_0.1,166,63.50000000000006,0.1606425702811245,0.1706827309236948
exp3_gamma_0.1,167,64.00000000000006,0.1596806387225549,0.16966067864271459
exp3_gamma_0.1,168,64.16666666666673,0.15873015873015875,0.1706349206349206
exp3_gamma_0.1,169,64.40000000000005,0.15779092702169625,0.17357001972386588
exp3_gamma_0.1,170,64.80000000000005,0.1568627450980392,0.17450980392156865
exp3_gamma_0.1,171,65.36666666666673,0.15594541910331383,0.1734892787524366
exp3_gamma_0.1,172,65.70000000000006,0.15503875968992248,0.1744186046511628
exp3_gamma_0.1,173,66.26666666666672,0.15414258188824662,0.17341040462427745
exp3_gamma_0.1,174,66.76666666666672,0.1532567049808429,0.1724137931034483
exp3_gamma_0.1,175,66.9333333333334,0.15238095238095237,0.17523809523809522
exp3_gamma_0.1,176,67.40000000000005,0.15151515151515152,0.17424242424242423
exp3_gamma_0.1,177,67.90000000000005,0.15254237288135594,0.17325800376647835
exp3_gamma_0.1,178,68.16666666666673,0.15168539325842698,0.17415730337078653
exp3_gamma_0.1,179,68.33333333333339,0.15083798882681565,0.17690875232774675
exp3_gamma_0.1,180,68.56666666666672,0.15185185185185185,0.17777777777777778
exp3_gamma_0.1,181,68.83333333333339,0.15101289134438306,0.17679558011049723
exp3_gamma_0.1,182,69.23333333333339,0.15018315018315018,0.17765567765567766
exp3_gamma_0.1,183,69.9333333333334,0.1493624772313297,0.1766848816029144
exp3_gamma_0.1,184,70.26666666666672,0.14855072463768115,0.17753623188405795
exp3_gamma_0.1,185,70.83333333333339,0.15135135135135136,0.17657657657657658
exp3_gamma_0.1,186,71.30000000000007,0.15053763440860216,0.17562724014336917
exp3_gamma_0.1,187,71.5333333333334,0.14973262032085563,0.17825311942959002
exp3_gamma_0.1,188,72.00000000000007,0.15070921985815602,0.17907801418439717
exp3_gamma_0.1,189,72.30000000000007,0.14991181657848324,0.17813051146384482
exp3_gamma_0.1,190,72.66666666666673,0.14912280701754385,0.17719298245614035
exp3_gamma_0.1,191,72.96666666666674,0.14834205933682373,0.17801047120418848
exp3_gamma_0.1,192,73.46666666666674,0.14756944444444445,0.17708333333333334
exp3_gamma_0.1,193,73.90000000000008,0.14680483592400692,0.17616580310880828
exp3_gamma_0.1,194,74.46666666666674,0.14776632302405499,0.1752577319587629
exp3_gamma_0.1,195,74.93333333333341,0.15042735042735042,0.17606837606837608
exp3_gamma_0.1,196,75.36666666666673,0.14965986394557826,0.17517006802721088
exp3_gamma_0.1,197,76.00000000000007,0.15228426395939088,0.17428087986463622
exp3_gamma_0.1,198,76.33333333333341,0.15151515151515152,0.17340067340067342
exp3_gamma_0.1,199,76.80000000000007,0.15075376884422112,0.17420435510887775
exp3_gamma_0.1,200,77.36666666666675,0.15,0.17333333333333334
thompson_sampling,1,0.43333333333333335,0.3333333333333333,0.0
thompson_sampling,2,0.6666666666666666,0.5,0.0
thompson_sampling,3,0.9,0.5555555555555555,0.1111111111111111
thompson_sampling,4,1.3,0.5833333333333334,0.08333333333333333
thompson_sampling,5,1.7000000000000002,0.5333333333333333,0.06666666666666667
thompson_sampling,6,1.9666666666666668,0.5,0.05555555555555555
thompson_sampling,7,2.1333333333333333,0.5238095238095238,0.09523809523809523
thompson_sampling,8,2.7000000000000006,0.5,0.08333333333333333
thompson_sampling,9,2.866666666666667,0.5185185185185185,0.1111111111111111
thompson_sampling,10,2.966666666666667,0.5,0.16666666666666666
thompson_sampling,11,3.3000000000000003,0.45454545454545453,0.15151515151515152
thompson_sampling,12,3.366666666666667,0.5,0.19444444444444442
thompson_sampling,13,3.633333333333334,0.4871794871794872,0.20512820512820515
thompson_sampling,14,3.866666666666667,0.5,0.21428571428571427
thompson_sampling,15,3.9333333333333336,0.5111111111111111,0.24444444444444446
thompson_sampling,16,3.9333333333333336,0.5416666666666666,0.2916666666666667
thompson_sampling,17,4.166666666666667,0.5294117647058824,0.3137254901960784
thompson_sampling,18,4.166666666666667,0.5555555555555556,0.35185185185185186
thompson_sampling,19,4.233333333333334,0.5789473684210527,0.3684210526315789
thompson_sampling,20,4.300000000000001,0.6,0.3833333333333333
thompson_sampling,21,4.300000000000001,0.6190476190476191,0.41269841269841273
thompson_sampling,22,4.533333333333334,0.6212121212121212,0.42424242424242425
thompson_sampling,23,4.533333333333334,0.6231884057971014,0.4492753623188406
thompson_sampling,24,4.533333333333334,0.625,0.47222222222222215
thompson_sampling,25,4.6000000000000005,0.6133333333333334,0.48
thompson_sampling,26,4.6000000000000005,0.6153846153846154,0.5
thompson_sampling,27,4.6000000000000005,0.6172839506172839,0.5185185185185185
thompson_sampling,28,4.666666666666668,0.6190476190476191,0.5238095238095238
thompson_sampling,29,4.733333333333334,0.6206896551724138,0.5287356321839081
thompson_sampling,30,4.900000000000001,0.6222222222222222,0.5333333333333333
thompson_sampling,31,4.900000000000001,0.6344086021505376,0.5483870967741935
thompson_sampling,32,4.900000000000001,0.6354166666666666,0.5625
thompson_sampling,33,4.900000000000001,0.6464646464646465,0.5757575757575758
thompson_sampling,34,4.966666666666668,0.6372549019607844,0.5784313725490197
thompson_sampling,35,4.966666666666668,0.6476190476190476,0.5904761904761905
thompson_sampling,36,5.033333333333334,0.6481481481481481,0.5925925925925926
thompson_sampling,37,5.100000000000001,0.6576576576576576,0.5945945945945946
thompson_sampling,38,5.100000000000001,0.6578947368421053,0.6052631578947368
thompson_sampling,39,5.166666666666668,0.6495726495726496,0.6068376068376069
thompson_sampling,40,5.233333333333334,0.6583333333333333,0.6083333333333333
thompson_sampling,41,5.466666666666669,0.6585365853658537,0.6097560975609756
thompson_sampling,42,5.533333333333335,0.6587301587301587,0.611111111111111
thompson_sampling,43,5.533333333333335,0.6589147286821705,0.6201550387596899
thompson_sampling,44,5.600000000000001,0.6666666666666666,0.6212121212121212
thompson_sampling,45,5.666666666666668,0.6666666666666666,0.6222222222222222
thompson_sampling,46,5.900000000000001,0.6594202898550724,0.6159420289855072
thompson_sampling,47,5.900000000000001,0.6666666666666666,0.624113475177305
thompson_sampling,48,5.900000000000001,0.6736111111111112,0.6319444444444444
thompson_sampling,49,5.900000000000001,0.6802721088435374,0.6394557823129251
thompson_sampling,50,5.900000000000001,0.6733333333333333,0.6466666666666666
thompson_sampling,51,5.900000000000001,0.6797385620915032,0.6535947712418301
thompson_sampling,52,6.066666666666667,0.6858974358974358,0.6538461538461539
thompson_sampling,53,6.233333333333334,0.6792452830188679,0.6540880503144654
thompson_sampling,54,6.233333333333334,0.6728395061728395,0.6604938271604938
thompson_sampling,55,6.400000000000001,0.6727272727272727,0.6606060606060606
thompson_sampling,56,6.566666666666667,0.6726190476190476,0.6607142857142857
thompson_sampling,57,6.633333333333334,0.672514619883041,0.6608187134502924
thompson_sampling,58,6.633333333333334,0.6724137931034483,0.6666666666666666
thompson_sampling,59,6.7,0.672316384180791,0.6666666666666666
thompson_sampling,60,6.766666666666667,0.6777777777777777,0.6666666666666666
thompson_sampling,61,6.766666666666667,0.6830601092896175,0.6721311475409836
thompson_sampling,62,7.0,0.6881720430107526,0.6720430107526881
thompson_sampling,63,7.0,0.6931216931216931,0.6772486772486772
thompson_sampling,64,7.233333333333334,0.6927083333333334,0.6770833333333334
thompson_sampling,65,7.233333333333334,0.6923076923076922,0.682051282051282
thompson_sampling,66,7.233333333333334,0.6919191919191919,0.6868686868686869
thompson_sampling,67,7.400000000000001,0.6965174129353233,0.681592039800995
thompson_sampling,68,7.5,0.6911764705882352,0.6813725490196078
thompson_sampling,69,7.5,0.6908212560386473,0.6859903381642513
thompson_sampling,70,7.566666666666666,0.6904761904761904,0.6857142857142856
thompson_sampling,71,7.566666666666666,0.6948356807511736,0.6901408450704225
thompson_sampling,72,7.566666666666666,0.6898148148148149,0.6944444444444443
thompson_sampling,73,7.8,0.6894977168949771,0.6940639269406392
thompson_sampling,74,7.8,0.6891891891891891,0.6981981981981983
thompson_sampling,75,7.966666666666666,0.6888888888888888,0.6933333333333334
thompson_sampling,76,7.966666666666666,0.6929824561403509,0.6973684210526315
thompson_sampling,77,8.033333333333333,0.6883116883116883,0.6969696969696969
thompson_sampling,78,8.033333333333333,0.6837606837606837,0.7008547008547009
thompson_sampling,79,8.1,0.679324894514768,0.7004219409282699
thompson_sampling,80,8.1,0.6791666666666667,0.7041666666666666
thompson_sampling,81,8.166666666666666,0.6790123456790124,0.7037037037037037
thompson_sampling,82,8.166666666666666,0.6829268292682927,0.7073170731707318
thompson_sampling,83,8.233333333333333,0.6827309236947791,0.7068273092369478
thompson_sampling,84,8.233333333333333,0.6865079365079366,0.7103174603174603
thompson_sampling,85,8.299999999999999,0.6862745098039215,0.7098039215686275
thompson_sampling,86,8.299999999999999,0.689922480620155,0.7131782945736433
thompson_sampling,87,8.299999999999999,0.6896551724137931,0.7164750957854406
thompson_sampling,88,8.299999999999999,0.6856060606060606,0.7196969696969697
thompson_sampling,89,8.299999999999999,0.6891385767790262,0.7228464419475656
thompson_sampling,90,8.299999999999999,0.6925925925925926,0.725925925925926
thompson_sampling,91,8.299999999999999,0.6886446886446888,0.728937728937729
thompson_sampling,92,8.533333333333331,0.6847826086956522,0.7246376811594203
thompson_sampling,93,8.533333333333331,0.6881720430107526,0.7275985663082437
thompson_sampling,94,8.533333333333331,0.6879432624113475,0.7304964539007092
thompson_sampling,95,8.599999999999998,0.687719298245614,0.7298245614035087
thompson_sampling,96,8.599999999999998,0.6875,0.7326388888888888
thompson_sampling,97,8.599999999999998,0.690721649484536,0.7353951890034365
thompson_sampling,98,8.666666666666664,0.6904761904761904,0.7346938775510203
thompson_sampling,99,8.666666666666664,0.6902356902356903,0.7373737373737373
thompson_sampling,100,8.666666666666664,0.6900000000000001,0.7399999999999999
thompson_sampling,101,8.666666666666664,0.6930693069306931,0.7425742574257425
thompson_sampling,102,8.73333333333333,0.6960784313725491,0.7418300653594772
thompson_sampling,103,8.899999999999997,0.6925566343042071,0.7411003236245954
thompson_sampling,104,8.899999999999997,0.6923076923076922,0.7435897435897436
thompson_sampling,105,8.899999999999997,0.6888888888888888,0.746031746031746
thompson_sampling,106,8.899999999999997,0.6886792452830188,0.7484276729559749
thompson_sampling,107,8.966666666666663,0.6915887850467289,0.7476635514018691
thompson_sampling,108,9.099999999999996,0.691358024691358,0.7438271604938271
thompson_sampling,109,9.099999999999996,0.691131498470948,0.746177370030581
thompson_sampling,110,9.166666666666664,0.6909090909090909,0.7454545454545455
thompson_sampling,111,9.166666666666664,0.6936936936936937,0.7477477477477477
thompson_sampling,112,9.166666666666664,0.6964285714285715,0.75
thompson_sampling,113,9.166666666666664,0.6991150442477876,0.7522123893805309
thompson_sampling,114,9.166666666666664,0.7017543859649124,0.7543859649122807
thompson_sampling,115,9.166666666666664,0.7014492753623188,0.7565217391304347
thompson_sampling,116,9.166666666666664,0.7011494252873564,0.7586206896551723
thompson_sampling,117,9.166666666666664,0.7008547008547009,0.7606837606837606
thompson_sampling,118,9.166666666666664,0.7033898305084746,0.7627118644067797
thompson_sampling,119,9.166666666666664,0.700280112044818,0.7647058823529411
thompson_sampling,120,9.166666666666664,0.7027777777777778,0.7666666666666666
thompson_sampling,121,9.166666666666664,0.7052341597796143,0.768595041322314
thompson_sampling,122,9.166666666666664,0.7049180327868853,0.7704918032786886
thompson_sampling,123,9.166666666666664,0.7046070460704607,0.7723577235772359
thompson_sampling,124,9.166666666666664,0.706989247311828,0.7741935483870969
thompson_sampling,125,9.166666666666664,0.7093333333333334,0.7759999999999999
thompson_sampling,126,9.166666666666664,0.708994708994709,0.7777777777777778
thompson_sampling,127,9.166666666666664,0.706036745406824,0.7795275590551182
thompson_sampling,128,9.166666666666664,0.7083333333333334,0.78125
thompson_sampling,129,9.166666666666664,0.710594315245478,0.7829457364341085
thompson_sampling,130,9.166666666666664,0.7128205128205128,0.7846153846153846
thompson_sampling,131,9.166666666666664,0.712468193384224,0.7862595419847328
thompson_sampling,132,9.166666666666664,0.7146464646464646,0.787878787878788
thompson_sampling,133,9.233333333333329,0.7092731829573934,0.7869674185463659
thompson_sampling,134,9.233333333333329,0.7114427860696518,0.7885572139303482
thompson_sampling,135,9.233333333333329,0.7111111111111111,0.7901234567901234
thompson_sampling,136,9.233333333333329,0.7132352941176471,0.7916666666666666
thompson_sampling,137,9.233333333333329,0.7128953771289538,0.7931873479318735
thompson_sampling,138,9.233333333333329,0.71256038647343,0.7946859903381642
thompson_sampling,139,9.233333333333329,0.7122302158273381,0.7961630695443646
thompson_sampling,140,9.233333333333329,0.7142857142857143,0.7976190476190476
thompson_sampling,141,9.299999999999997,0.7163120567375887,0.7966903073286052
thompson_sampling,142,9.399999999999997,0.7183098591549296,0.795774647887324
thompson_sampling,143,9.399999999999997,0.7156177156177156,0.7972027972027972
thompson_sampling,144,9.399999999999997,0.7175925925925926,0.7986111111111112
thompson_sampling,145,9.399999999999997,0.7195402298850575,0.7999999999999999
thompson_sampling,146,9.399999999999997,0.7191780821917808,0.8013698630136986
thompson_sampling,147,9.399999999999997,0.7210884353741497,0.8027210884353742
thompson_sampling,148,9.399999999999997,0.7184684684684685,0.8040540540540541
thompson_sampling,149,9.499999999999996,0.7181208053691276,0.8031319910514542
thompson_sampling,150,9.499999999999996,0.7155555555555555,0.8044444444444444
thompson_sampling,151,9.499999999999996,0.7130242825607064,0.8057395143487859
thompson_sampling,152,9.499999999999996,0.7149122807017544,0.8070175438596491
thompson_sampling,153,9.499999999999996,0.7167755991285403,0.8082788671023966
thompson_sampling,154,9.499999999999996,0.7164502164502164,0.8095238095238094
thompson_sampling,155,9.499999999999996,0.7182795698924731,0.8107526881720429
thompson_sampling,156,9.499999999999996,0.7200854700854702,0.8119658119658121
thompson_sampling,157,9.566666666666663,0.7197452229299364,0.81104033970276
thompson_sampling,158,9.566666666666663,0.7215189873417721,0.8122362869198313
thompson_sampling,159,9.566666666666663,0.7211740041928721,0.8134171907756813
thompson_sampling,160,9.566666666666663,0.7208333333333333,0.8145833333333333
thompson_sampling,161,9.566666666666663,0.7204968944099379,0.8157349896480331
thompson_sampling,162,9.566666666666663,0.7201646090534979,0.816872427983539
thompson_sampling,163,9.566666666666663,0.721881390593047,0.8179959100204499
thompson_sampling,164,9.566666666666663,0.7215447154471545,0.8191056910569104
thompson_sampling,165,9.566666666666663,0.7232323232323233,0.8202020202020203
thompson_sampling,166,9.566666666666663,0.7228915662650602,0.821285140562249
thompson_sampling,167,9.566666666666663,0.7245508982035928,0.8223552894211577
thompson_sampling,168,9.566666666666663,0.7222222222222223,0.8234126984126983
thompson_sampling,169,9.566666666666663,0.719921104536489,0.8244575936883628
thompson_sampling,170,9.63333333333333,0.7196078431372549,0.823529411764706
thompson_sampling,171,9.63333333333333,0.7212475633528266,0.8245614035087719
thompson_sampling,172,9.63333333333333,0.7209302325581395,0.8255813953488372
thompson_sampling,173,9.699999999999996,0.7225433526011561,0.8246628131021194
thompson_sampling,174,9.699999999999996,0.7241379310344828,0.8256704980842912
thompson_sampling,175,9.799999999999995,0.7219047619047619,0.8247619047619047
thompson_sampling,176,9.799999999999995,0.7215909090909092,0.8257575757575758
thompson_sampling,177,9.799999999999995,0.7231638418079096,0.8267419962335216
thompson_sampling,178,9.966666666666663,0.7228464419475656,0.8258426966292135
thompson_sampling,179,10.199999999999996,0.7206703910614526,0.8249534450651769
thompson_sampling,180,10.266666666666662,0.7185185185185184,0.8240740740740741
thompson_sampling,181,10.266666666666662,0.7182320441988951,0.8250460405156538
thompson_sampling,182,10.266666666666662,0.717948717948718,0.8260073260073261
thompson_sampling,183,10.266666666666662,0.7194899817850637,0.8269581056466303
thompson_sampling,184,10.366666666666662,0.7173913043478262,0.8260869565217391
thompson_sampling,185,10.366666666666662,0.718918918918919,0.827027027027027
thompson_sampling,186,10.366666666666662,0.7186379928315412,0.8279569892473119
thompson_sampling,187,10.366666666666662,0.7165775401069517,0.8288770053475937
thompson_sampling,188,10.366666666666662,0.7163120567375887,0.8297872340425533
thompson_sampling,189,10.366666666666662,0.7160493827160493,0.8306878306878307
thompson_sampling,190,10.366666666666662,0.7175438596491229,0.8315789473684211
thompson_sampling,191,10.53333333333333,0.7155322862129144,0.830715532286213
thompson_sampling,192,10.53333333333333,0.717013888888889,0.8315972222222222
thompson_sampling,193,10.76666666666666,0.7167530224525044,0.8307426597582038
thompson_sampling,194,10.76666666666666,0.718213058419244,0.8316151202749141
thompson_sampling,195,10.76666666666666,0.717948717948718,0.8324786324786325
thompson_sampling,196,10.76666666666666,0.7193877551020408,0.8333333333333334
thompson_sampling,197,10.76666666666666,0.7208121827411168,0.8341793570219966
thompson_sampling,198,10.76666666666666,0.7222222222222223,0.8350168350168351
thompson_sampling,199,10.76666666666666,0.7219430485762143,0.8358458961474037
thompson_sampling,200,10.76666666666666,0.7233333333333333,0.8366666666666666
ucb_c2,1,0.7000000000000001,0.0,0.0
ucb_c2,2,1.2000000000000002,0.3333333333333333,0.0
ucb_c2,3,1.5000000000000002,0.4444444444444444,0.0
ucb_c2,4,1.7000000000000002,0.5,0.0
ucb_c2,5,1.7000000000000002,0.5333333333333333,0.20000000000000004
ucb_c2,6,2.1333333333333333,0.5,0.16666666666666666
ucb_c2,7,2.3000000000000003,0.4761904761904761,0.19047619047619047
ucb_c2,8,2.466666666666667,0.5,0.20833333333333334
ucb_c2,9,3.0,0.48148148148148145,0.1851851851851852
ucb_c2,10,3.1666666666666665,0.5,0.2333333333333333
ucb_c2,11,3.633333333333334,0.45454545454545453,0.21212121212121213
ucb_c2,12,3.9333333333333336,0.47222222222222215,0.19444444444444442
ucb_c2,13,4.233333333333333,0.4615384615384615,0.17948717948717952
ucb_c2,14,4.333333333333333,0.5,0.21428571428571427
ucb_c2,15,4.6000000000000005,0.4888888888888889,0.2222222222222222
ucb_c2,16,5.033333333333334,0.4791666666666667,0.20833333333333334
ucb_c2,17,5.1000000000000005,0.4705882352941177,0.23529411764705885
ucb_c2,18,5.5,0.46296296296296297,0.24074074074074073
ucb_c2,19,5.633333333333334,0.49122807017543857,0.24561403508771928
ucb_c2,20,6.033333333333334,0.5,0.2333333333333333
ucb_c2,21,6.133333333333334,0.5238095238095238,0.25396825396825395
ucb_c2,22,6.433333333333334,0.5454545454545455,0.24242424242424243
ucb_c2,23,6.766666666666667,0.5362318840579711,0.2318840579710145
ucb_c2,24,7.033333333333334,0.513888888888889,0.22222222222222224
ucb_c2,25,7.266666666666667,0.5066666666666667,0.24
ucb_c2,26,7.5,0.5,0.2435897435897436
ucb_c2,27,7.733333333333334,0.5061728395061729,0.24691358024691357
ucb_c2,28,7.800000000000001,0.5119047619047619,0.2619047619047619
ucb_c2,29,7.966666666666668,0.5172413793103449,0.26436781609195403
ucb_c2,30,8.5,0.5,0.25555555555555554
ucb_c2,31,8.766666666666667,0.4946236559139785,0.25806451612903225
ucb_c2,32,8.9,0.5,0.2604166666666667
ucb_c2,33,9.299999999999999,0.494949494949495,0.2626262626262626
ucb_c2,34,9.566666666666668,0.4901960784313726,0.2647058823529412
ucb_c2,35,9.633333333333333,0.49523809523809526,0.27619047619047615
ucb_c2,36,9.733333333333334,0.5,0.28703703703703703
ucb_c2,37,9.9,0.5135135135135136,0.2882882882882883
ucb_c2,38,10.0,0.5087719298245613,0.2982456140350877
ucb_c2,39,10.233333333333334,0.5042735042735043,0.2905982905982906
ucb_c2,40,10.299999999999999,0.5166666666666667,0.3
ucb_c2,41,10.6,0.5121951219512195,0.3008130081300813
ucb_c2,42,10.966666666666667,0.5079365079365079,0.29365079365079366
ucb_c2,43,11.199999999999998,0.5116279069767442,0.29457364341085274
ucb_c2,44,11.533333333333331,0.5227272727272728,0.2878787878787879
ucb_c2,45,11.799999999999999,0.5111111111111111,0.2888888888888889
ucb_c2,46,12.033333333333331,0.5072463768115941,0.2898550724637681
ucb_c2,47,12.433333333333332,0.5035460992907801,0.2836879432624113
ucb_c2,48,12.499999999999998,0.5069444444444445,0.2916666666666667
ucb_c2,49,12.666666666666664,0.5170068027210885,0.29251700680272114
ucb_c2,50,12.666666666666664,0.5133333333333333,0.30666666666666664
ucb_c2,51,12.999999999999998,0.5032679738562091,0.3006535947712418
ucb_c2,52,13.299999999999997,0.5064102564102564,0.30128205128205127
ucb_c2,53,13.466666666666663,0.5031446540880503,0.3018867924528302
ucb_c2,54,13.733333333333333,0.5,0.30246913580246915
ucb_c2,55,14.066666666666665,0.503030303030303,0.29696969696969694
ucb_c2,56,14.466666666666663,0.5059523809523809,0.2916666666666667
ucb_c2,57,14.633333333333331,0.5029239766081871,0.29239766081871343
ucb_c2,58,14.733333333333333,0.5,0.2988505747126437
ucb_c2,59,14.966666666666663,0.5028248587570622,0.2994350282485876
ucb_c2,60,15.066666666666663,0.5111111111111112,0.3055555555555556
ucb_c2,61,15.599999999999996,0.5081967213114754,0.3005464480874317
ucb_c2,62,15.699999999999998,0.5161290322580645,0.3064516129032258
ucb_c2,63,15.866666666666665,0.5132275132275131,0.30687830687830686
ucb_c2,64,15.999999999999995,0.515625,0.3072916666666667
ucb_c2,65,15.999999999999995,0.517948717948718,0.317948717948718
ucb_c2,66,16.23333333333333,0.5151515151515151,0.3181818181818182
ucb_c2,67,16.499999999999996,0.5223880597014925,0.31840796019900497
ucb_c2,68,16.766666666666662,0.5196078431372549,0.31862745098039214
ucb_c2,69,17.099999999999998,0.5169082125603864,0.3140096618357488
ucb_c2,70,17.399999999999995,0.5142857142857143,0.30952380952380953
ucb_c2,71,17.73333333333333,0.5117370892018779,0.30985915492957744
ucb_c2,72,17.966666666666665,0.5092592592592592,0.3101851851851852
ucb_c2,73,18.03333333333333,0.5114155251141552,0.3150684931506849
ucb_c2,74,18.33333333333333,0.509009009009009,0.3153153153153153
ucb_c2,75,18.43333333333333,0.5111111111111111,0.32
ucb_c2,76,18.599999999999998,0.5175438596491228,0.32456140350877194
ucb_c2,77,18.999999999999996,0.5108225108225107,0.3246753246753247
ucb_c2,78,19.16666666666666,0.5085470085470085,0.3247863247863248
ucb_c2,79,19.366666666666664,0.5021097046413502,0.3248945147679325
ucb_c2,80,19.566666666666663,0.5041666666666667,0.3208333333333333
ucb_c2,81,19.899999999999995,0.5020576131687243,0.3168724279835391
ucb_c2,82,20.066666666666663,0.508130081300813,0.3211382113821138
ucb_c2,83,20.23333333333333,0.5100401606425703,0.3253012048192771
ucb_c2,84,20.299999999999997,0.511904761904762,0.32936507936507936
ucb_c2,85,20.533333333333328,0.5137254901960785,0.3333333333333333
ucb_c2,86,20.866666666666664,0.5155038759689923,0.3333333333333333
ucb_c2,87,21.266666666666662,0.5172413793103449,0.3333333333333333
ucb_c2,88,21.499999999999996,0.5151515151515151,0.3371212121212121
ucb_c2,89,21.599999999999994,0.5205992509363296,0.3408239700374532
ucb_c2,90,21.83333333333333,0.5222222222222223,0.3444444444444444
ucb_c2,91,21.933333333333326,0.5201465201465202,0.3479853479853479
ucb_c2,92,22.099999999999994,0.5217391304347826,0.34782608695652173
ucb_c2,93,22.2,0.5268817204301075,0.35125448028673834
ucb_c2,94,22.299999999999997,0.5283687943262412,0.3546099290780142
ucb_c2,95,22.466666666666665,0.5298245614035088,0.3543859649122807
ucb_c2,96,22.66666666666666,0.53125,0.3541666666666667
ucb_c2,97,22.899999999999995,0.5360824742268041,0.3539518900343643
ucb_c2,98,23.23333333333333,0.5374149659863946,0.35374149659863946
ucb_c2,99,23.399999999999995,0.5387205387205387,0.3569023569023569
ucb_c2,100,23.799999999999997,0.54,0.3566666666666667
ucb_c2,101,24.03333333333333,0.5412541254125413,0.3564356435643565
ucb_c2,102,24.2,0.545751633986928,0.3562091503267974
ucb_c2,103,24.33333333333333,0.540453074433657,0.3559870550161812
ucb_c2,104,24.53333333333333,0.5384615384615384,0.3557692307692308
ucb_c2,105,24.7,0.5365079365079365,0.35555555555555557
ucb_c2,106,25.066666666666663,0.5314465408805031,0.3522012578616352
ucb_c2,107,25.7,0.5295950155763239,0.34890965732087226
ucb_c2,108,25.933333333333326,0.5277777777777778,0.35185185185185186
ucb_c2,109,25.999999999999996,0.5290519877675841,0.3547400611620795
ucb_c2,110,26.16666666666666,0.5303030303030303,0.35454545454545455
ucb_c2,111,26.366666666666664,0.5315315315315315,0.35435435435435436
ucb_c2,112,26.7,0.5357142857142857,0.3541666666666667
ucb_c2,113,27.2,0.5339233038348082,0.35103244837758113
ucb_c2,114,27.366666666666664,0.5321637426900585,0.3508771929824561
ucb_c2,115,27.433333333333326,0.5304347826086957,0.35362318840579715
ucb_c2,116,27.7,0.5316091954022989,0.35344827586206895
ucb_c2,117,28.099999999999994,0.527065527065527,0.35327635327635326
ucb_c2,118,28.266666666666662,0.5310734463276836,0.3559322033898305
ucb_c2,119,28.433333333333326,0.5294117647058824,0.3585434173669468
ucb_c2,120,28.566666666666663,0.5305555555555556,0.35833333333333334
ucb_c2,121,28.73333333333333,0.5344352617079889,0.3581267217630854
ucb_c2,122,28.899999999999995,0.5355191256830601,0.35792349726775957
ucb_c2,123,29.16666666666666,0.5311653116531166,0.35501355013550134
ucb_c2,124,29.66666666666666,0.5268817204301075,0.35215053763440857
ucb_c2,125,29.966666666666658,0.528,0.35200000000000004
ucb_c2,126,30.033333333333328,0.5291005291005292,0.3544973544973545
ucb_c2,127,30.099999999999994,0.5275590551181102,0.35695538057742787
ucb_c2,128,30.33333333333333,0.5286458333333334,0.3541666666666667
ucb_c2,129,30.533333333333328,0.5297157622739018,0.351421188630491
ucb_c2,130,30.89999999999999,0.5307692307692308,0.34871794871794876
ucb_c2,131,31.033333333333328,0.5318066157760813,0.34860050890585237
ucb_c2,132,31.333333333333325,0.5328282828282828,0.34595959595959597
ucb_c2,133,31.56666666666666,0.5288220551378445,0.3433583959899749
ucb_c2,134,31.733333333333324,0.5298507462686567,0.34577114427860695
ucb_c2,135,31.833333333333325,0.5308641975308642,0.34814814814814815
ucb_c2,136,32.16666666666666,0.5318627450980392,0.3455882352941177
ucb_c2,137,32.33333333333332,0.5304136253041363,0.34549878345498786
ucb_c2,138,32.633333333333326,0.5265700483091788,0.34541062801932365
ucb_c2,139,32.69999999999999,0.5251798561151079,0.34772182254196643
ucb_c2,140,33.033333333333324,0.5238095238095238,0.34761904761904766
ucb_c2,141,33.29999999999999,0.524822695035461,0.3475177304964539
ucb_c2,142,33.533333333333324,0.5281690140845071,0.3474178403755868
ucb_c2,143,33.76666666666666,0.5268065268065268,0.3473193473193474
ucb_c2,144,33.76666666666666,0.5300925925925927,0.35185185185185186
ucb_c2,145,33.76666666666666,0.5333333333333333,0.3563218390804597
ucb_c2,146,33.76666666666666,0.5342465753424658,0.3607305936073059
ucb_c2,147,34.033333333333324,0.5374149659863945,0.36054421768707484
ucb_c2,148,34.29999999999999,0.536036036036036,0.3603603603603604
ucb_c2,149,34.29999999999999,0.5391498881431768,0.36465324384787473
ucb_c2,150,34.29999999999999,0.5377777777777778,0.3688888888888889
ucb_c2,151,34.43333333333333,0.5364238410596026,0.36865342163355413
ucb_c2,152,34.66666666666666,0.537280701754386,0.368421052631579
ucb_c2,153,34.79999999999999,0.5403050108932462,0.3681917211328976
ucb_c2,154,35.099999999999994,0.5367965367965368,0.3658008658008658
ucb_c2,155,35.43333333333333,0.5376344086021505,0.3655913978494623
ucb_c2,156,35.633333333333326,0.5363247863247863,0.3653846153846154
ucb_c2,157,35.79999999999999,0.5371549893842887,0.3673036093418259
ucb_c2,158,36.03333333333333,0.5379746835443038,0.36919831223628696
ucb_c2,159,36.099999999999994,0.5387840670859538,0.3710691823899371
ucb_c2,160,36.099999999999994,0.5395833333333333,0.375
ucb_c2,161,36.26666666666666,0.5403726708074533,0.3747412008281574
ucb_c2,162,36.333333333333336,0.5411522633744856,0.37654320987654327
ucb_c2,163,36.333333333333336,0.5439672801635992,0.3803680981595092
ucb_c2,164,36.333333333333336,0.5447154471544716,0.3841463414634146
ucb_c2,165,36.43333333333333,0.5454545454545454,0.38585858585858585
ucb_c2,166,36.43333333333333,0.5461847389558233,0.38955823293172687
ucb_c2,167,36.833333333333336,0.5449101796407185,0.38922155688622756
ucb_c2,168,36.9,0.5416666666666666,0.39087301587301587
ucb_c2,169,37.06666666666666,0.5404339250493096,0.3905325443786982
ucb_c2,170,37.43333333333333,0.5392156862745098,0.388235294117647
ucb_c2,171,37.53333333333333,0.5419103313840156,0.3898635477582846
ucb_c2,172,37.633333333333326,0.5426356589147286,0.3914728682170543
ucb_c2,173,37.79999999999999,0.5452793834296724,0.3911368015414258
ucb_c2,174,37.96666666666666,0.5459770114942529,0.3908045977011494
ucb_c2,175,38.199999999999996,0.5447619047619048,0.3904761904761905
ucb_c2,176,38.53333333333333,0.5435606060606061,0.39015151515151514
ucb_c2,177,38.76666666666666,0.544256120527307,0.39171374764595107
ucb_c2,178,38.833333333333336,0.5449438202247191,0.39325842696629215
ucb_c2,179,38.96666666666667,0.5437616387337058,0.39292364990689016
ucb_c2,180,39.13333333333333,0.5425925925925926,0.39444444444444443
ucb_c2,181,39.300000000000004,0.5414364640883979,0.3941068139963167
ucb_c2,182,39.4,0.5421245421245421,0.3956043956043956
ucb_c2,183,39.63333333333333,0.5428051001821493,0.3970856102003643
ucb_c2,184,39.63333333333333,0.5434782608695653,0.40036231884057977
ucb_c2,185,39.73333333333333,0.5459459459459459,0.40180180180180186
ucb_c2,186,39.833333333333336,0.546594982078853,0.40322580645161293
ucb_c2,187,40.099999999999994,0.5454545454545454,0.4028520499108734
ucb_c2,188,40.26666666666666,0.5460992907801419,0.4042553191489362
ucb_c2,189,40.5,0.54673721340388,0.4038800705467372
ucb_c2,190,40.56666666666666,0.5491228070175439,0.4052631578947368
ucb_c2,191,40.63333333333333,0.5479930191972077,0.4066317626527051
ucb_c2,192,40.833333333333336,0.5486111111111112,0.4045138888888889
ucb_c2,193,40.96666666666667,0.5492227979274612,0.4041450777202072
ucb_c2,194,41.13333333333333,0.5515463917525772,0.4037800687285223
ucb_c2,195,41.300000000000004,0.5521367521367522,0.4034188034188034
ucb_c2,196,41.400000000000006,0.5527210884353742,0.4047619047619047
ucb_c2,197,41.400000000000006,0.5549915397631133,0.4077834179357022
ucb_c2,198,41.400000000000006,0.5572390572390572,0.41077441077441074
ucb_c2,199,41.5,0.5577889447236181,0.4120603015075377
ucb_c2,200,41.833333333333336,0.5583333333333332,0.4116666666666667
